1,"Rewrite after grace period", "Rewriter of the agreement 1 will be completed after grace period."
1,"Rewrite after grace period", "Rewriter of the agreement 2 will be completed after grace period."
1,"Rewrite after grace period", "Rewriter of the agreement 3 will be completed after grace period."
1,"Rewrite after grace period", "Rewriter of the agreement 4 will be completed after grace period."
1,"Rewrite after grace period", "Rewriter of the agreement 5 will be completed after grace period."
1,"Rewrite after grace period", "Rewriter of the agreement 6 will be completed after grace period."
1,"Rewrite after grace period", "Rewriter of the agreement 7 will be completed after grace period."
1,"Rewrite after grace period", "Rewriter of the agreement 8 will be completed after grace period."
1,"Rewrite after grace period", "Rewriter of the agreement 9 will be completed after grace period."
1,"Rewrite after grace period", "Rewriter of the agreement 10 will be completed after grace period."
1,"Rewrite after grace period", "Rewriter of the agreement 11 will be completed after grace period."
1,"Rewrite after grace period", "Rewriter of the agreement 12 will be completed after grace period."
1,"Rewrite after grace period", "Rewriter of the agreement 13 will be completed after grace period."
1,"Rewrite after grace period", "Rewriter of the agreement 14 will be completed after grace period."
1,"Rewrite after grace period", "Rewriter of the agreement 15 will be completed after grace period."
1,"Rewrite after grace period", "Rewriter of the agreement 16 will be completed after grace period."
1,"Rewrite after grace period", "Rewriter of the agreement 17 will be completed after grace period."
1,"Rewrite after grace period", "Rewriter of the agreement 18 will be completed after grace period."
1,"Rewrite after grace period", "Rewriter of the agreement 19 will be completed after grace period."
1,"Rewrite after grace period", "Rewriter of the agreement 20 will be completed after grace period."
1,"Rewrite after grace period", "Rewriter of the agreement 21 will be completed after grace period."
1,"Rewrite after grace period", "Rewriter of the agreement 22 will be completed after grace period."
1,"Rewrite after grace period", "Rewriter of the agreement 23 will be completed after grace period."
1,"Rewrite after grace period", "Rewriter of the agreement 24 will be completed after grace period."
1,"Rewrite after grace period", "Rewriter of the agreement 25 will be completed after grace period."
1,"Rewrite after grace period", "Rewriter of the agreement 26 will be completed after grace period."
1,"Rewrite after grace period", "Rewriter of the agreement 27 will be completed after grace period."
1,"Rewrite after grace period", "Rewriter of the agreement 28 will be completed after grace period."
1,"Rewrite after grace period", "Rewriter of the agreement 29 will be completed after grace period."
1,"Rewrite after grace period", "Rewriter of the agreement 30 will be completed after grace period."
1,"Rewrite after grace period", "Rewriter of the agreement 31 will be completed after grace period."
1,"Rewrite after grace period", "Rewriter of the agreement 32 will be completed after grace period."
1,"Rewrite after grace period", "Rewriter of the agreement 33 will be completed after grace period."
1,"Rewrite after grace period", "Rewriter of the agreement 34 will be completed after grace period."
1,"Rewrite after grace period", "Rewriter of the agreement 35 will be completed after grace period."
1,"Rewrite after grace period", "Rewriter of the agreement 36 will be completed after grace period."
1,"Rewrite after grace period", "Rewriter of the agreement 37 will be completed after grace period."
1,"Rewrite after grace period", "Rewriter of the agreement 38 will be completed after grace period."
1,"Rewrite after grace period", "Rewriter of the agreement 39 will be completed after grace period."
1,"Rewrite after grace period", "Rewriter of the agreement 40 will be completed after grace period."
1,"Rewrite after grace period", "Rewriter of the agreement 41 will be completed after grace period."
1,"Rewrite after grace period", "Rewriter of the agreement 42 will be completed after grace period."
1,"Rewrite after grace period", "Rewriter of the agreement 43 will be completed after grace period."
1,"Rewrite after grace period", "Rewriter of the agreement 44 will be completed after grace period."
1,"Rewrite after grace period", "Rewriter of the agreement 45 will be completed after grace period."
1,"Rewrite after grace period", "Rewriter of the agreement 46 will be completed after grace period."
1,"Rewrite after grace period", "Rewriter of the agreement 47 will be completed after grace period."
1,"Rewrite after grace period", "Rewriter of the agreement 48 will be completed after grace period."
1,"Rewrite after grace period", "Rewriter of the agreement 49 will be completed after grace period."
1,"Rewrite after grace period", "Rewriter of the agreement 50 will be completed after grace period."
2,"Cancellation after grace period", "Cancellation of the agreement 1 will be done."
2,"Cancellation after grace period", "Cancellation of the agreement 2 will be done."
2,"Cancellation after grace period", "Cancellation of the agreement 3 will be done."
2,"Cancellation after grace period", "Cancellation of the agreement 4 will be done."
2,"Cancellation after grace period", "Cancellation of the agreement 5 will be done."
2,"Cancellation after grace period", "Cancellation of the agreement 6 will be done."
2,"Cancellation after grace period", "Cancellation of the agreement 7 will be done."
2,"Cancellation after grace period", "Cancellation of the agreement 8 will be done."
2,"Cancellation after grace period", "Cancellation of the agreement 9 will be done."
2,"Cancellation after grace period", "Cancellation of the agreement 10 will be done."
2,"Cancellation after grace period", "Cancellation of the agreement 11 will be done."
2,"Cancellation after grace period", "Cancellation of the agreement 12 will be done."
2,"Cancellation after grace period", "Cancellation of the agreement 13 will be done."
2,"Cancellation after grace period", "Cancellation of the agreement 14 will be done."
2,"Cancellation after grace period", "Cancellation of the agreement 15 will be done."
2,"Cancellation after grace period", "Cancellation of the agreement 16 will be done."
2,"Cancellation after grace period", "Cancellation of the agreement 17 will be done."
2,"Cancellation after grace period", "Cancellation of the agreement 18 will be done."
2,"Cancellation after grace period", "Cancellation of the agreement 19 will be done."
2,"Cancellation after grace period", "Cancellation of the agreement 20 will be done."
2,"Cancellation after grace period", "Cancellation of the agreement 21 will be done."
2,"Cancellation after grace period", "Cancellation of the agreement 22 will be done."
2,"Cancellation after grace period", "Cancellation of the agreement 23 will be done."
2,"Cancellation after grace period", "Cancellation of the agreement 24 will be done."
2,"Cancellation after grace period", "Cancellation of the agreement 25 will be done."
2,"Cancellation after grace period", "Cancellation of the agreement 26 will be done."
2,"Cancellation after grace period", "Cancellation of the agreement 27 will be done."
2,"Cancellation after grace period", "Cancellation of the agreement 28 will be done."
2,"Cancellation after grace period", "Cancellation of the agreement 29 will be done."
2,"Cancellation after grace period", "Cancellation of the agreement 30 will be done."
2,"Cancellation after grace period", "Cancellation of the agreement 31 will be done."
2,"Cancellation after grace period", "Cancellation of the agreement 32 will be done."
2,"Cancellation after grace period", "Cancellation of the agreement 33 will be done."
2,"Cancellation after grace period", "Cancellation of the agreement 34 will be done."
2,"Cancellation after grace period", "Cancellation of the agreement 35 will be done."
2,"Cancellation after grace period", "Cancellation of the agreement 36 will be done."
2,"Cancellation after grace period", "Cancellation of the agreement 37 will be done."
2,"Cancellation after grace period", "Cancellation of the agreement 38 will be done."
2,"Cancellation after grace period", "Cancellation of the agreement 39 will be done."
2,"Cancellation after grace period", "Cancellation of the agreement 40 will be done."
2,"Cancellation after grace period", "Cancellation of the agreement 41 will be done."
2,"Cancellation after grace period", "Cancellation of the agreement 42 will be done."
2,"Cancellation after grace period", "Cancellation of the agreement 43 will be done."
2,"Cancellation after grace period", "Cancellation of the agreement 44 will be done."
2,"Cancellation after grace period", "Cancellation of the agreement 45 will be done."
2,"Cancellation after grace period", "Cancellation of the agreement 46 will be done."
2,"Cancellation after grace period", "Cancellation of the agreement 47 will be done."
2,"Cancellation after grace period", "Cancellation of the agreement 48 will be done."
2,"Cancellation after grace period", "Cancellation of the agreement 49 will be done."
2,"Cancellation after grace period", "Cancellation of the agreement 50 will be done."
3,"Servicing Relationship does not exist", "Servicing Relationship doesnot exist in APAR for the agreementIndexId AG1 and Book1."
3,"Servicing Relationship does not exist", "Servicing Relationship doesnot exist in APAR for the agreementIndexId AG2 and Book2."
3,"Servicing Relationship does not exist", "Servicing Relationship doesnot exist in APAR for the agreementIndexId AG3 and Book3."
3,"Servicing Relationship does not exist", "Servicing Relationship doesnot exist in APAR for the agreementIndexId AG4 and Book4."
3,"Servicing Relationship does not exist", "Servicing Relationship doesnot exist in APAR for the agreementIndexId AG5 and Book5."
3,"Servicing Relationship does not exist", "Servicing Relationship doesnot exist in APAR for the agreementIndexId AG6 and Book6."
3,"Servicing Relationship does not exist", "Servicing Relationship doesnot exist in APAR for the agreementIndexId AG7 and Book7."
3,"Servicing Relationship does not exist", "Servicing Relationship doesnot exist in APAR for the agreementIndexId AG8 and Book8."
3,"Servicing Relationship does not exist", "Servicing Relationship doesnot exist in APAR for the agreementIndexId AG9 and Book9."
3,"Servicing Relationship does not exist", "Servicing Relationship doesnot exist in APAR for the agreementIndexId AG10 and Book10."
3,"Servicing Relationship does not exist", "Servicing Relationship doesnot exist in APAR for the agreementIndexId AG11 and Book11."
3,"Servicing Relationship does not exist", "Servicing Relationship doesnot exist in APAR for the agreementIndexId AG12 and Book12."
3,"Servicing Relationship does not exist", "Servicing Relationship doesnot exist in APAR for the agreementIndexId AG13 and Book13."
3,"Servicing Relationship does not exist", "Servicing Relationship doesnot exist in APAR for the agreementIndexId AG14 and Book14."
3,"Servicing Relationship does not exist", "Servicing Relationship doesnot exist in APAR for the agreementIndexId AG15 and Book15."
3,"Servicing Relationship does not exist", "Servicing Relationship doesnot exist in APAR for the agreementIndexId AG16 and Book16."
3,"Servicing Relationship does not exist", "Servicing Relationship doesnot exist in APAR for the agreementIndexId AG17 and Book17."
3,"Servicing Relationship does not exist", "Servicing Relationship doesnot exist in APAR for the agreementIndexId AG18 and Book18."
3,"Servicing Relationship does not exist", "Servicing Relationship doesnot exist in APAR for the agreementIndexId AG19 and Book19."
3,"Servicing Relationship does not exist", "Servicing Relationship doesnot exist in APAR for the agreementIndexId AG20 and Book20."
4,"POID exist", "Physical Object to Product Agreement Relationship exists with different book id :Book1."
4,"POID exist", "Physical Object to Product Agreement Relationship exists with different book id :Book2."
4,"POID exist", "Physical Object to Product Agreement Relationship exists with different book id :Book3."
4,"POID exist", "Physical Object to Product Agreement Relationship exists with different book id :Book4."
4,"POID exist", "Physical Object to Product Agreement Relationship exists with different book id :Book5."
4,"POID exist", "Physical Object to Product Agreement Relationship exists with different book id :Book6."
4,"POID exist", "Physical Object to Product Agreement Relationship exists with different book id :Book7."
4,"POID exist", "Physical Object to Product Agreement Relationship exists with different book id :Book8."
4,"POID exist", "Physical Object to Product Agreement Relationship exists with different book id :Book9."
4,"POID exist", "Physical Object to Product Agreement Relationship exists with different book id :Book10."
4,"POID exist", "Physical Object to Product Agreement Relationship exists with different book id :Book11."
4,"POID exist", "Physical Object to Product Agreement Relationship exists with different book id :Book12."
4,"POID exist", "Physical Object to Product Agreement Relationship exists with different book id :Book13."
4,"POID exist", "Physical Object to Product Agreement Relationship exists with different book id :Book14."
4,"POID exist", "Physical Object to Product Agreement Relationship exists with different book id :Book15."
4,"POID exist", "Physical Object to Product Agreement Relationship exists with different book id :Book16."
4,"POID exist", "Physical Object to Product Agreement Relationship exists with different book id :Book17."
4,"POID exist", "Physical Object to Product Agreement Relationship exists with different book id :Book18."
4,"POID exist", "Physical Object to Product Agreement Relationship exists with different book id :Book19."
4,"POID exist", "Physical Object to Product Agreement Relationship exists with different book id :Book20."
4,"POID exist", "Physical Object to Product Agreement Relationship exists with different book id :Book21."
4,"POID exist", "Physical Object to Product Agreement Relationship exists with different book id :Book22."
4,"POID exist", "Physical Object to Product Agreement Relationship exists with different book id :Book23."
4,"POID exist", "Physical Object to Product Agreement Relationship exists with different book id :Book24."
4,"POID exist", "Physical Object to Product Agreement Relationship exists with different book id :Book25."
4,"POID exist", "Physical Object to Product Agreement Relationship exists with different book id :Book26."
4,"POID exist", "Physical Object to Product Agreement Relationship exists with different book id :Book27."
4,"POID exist", "Physical Object to Product Agreement Relationship exists with different book id :Book28."
4,"POID exist", "Physical Object to Product Agreement Relationship exists with different book id :Book29."
4,"POID exist", "Physical Object to Product Agreement Relationship exists with different book id :Book30."
4,"POID exist", "Physical Object to Product Agreement Relationship exists with different book id :Book31."
4,"POID exist", "Physical Object to Product Agreement Relationship exists with different book id :Book32."
4,"POID exist", "Physical Object to Product Agreement Relationship exists with different book id :Book33."
4,"POID exist", "Physical Object to Product Agreement Relationship exists with different book id :Book34."
4,"POID exist", "Physical Object to Product Agreement Relationship exists with different book id :Book35."
4,"POID exist", "Physical Object to Product Agreement Relationship exists with different book id :Book36."
4,"POID exist", "Physical Object to Product Agreement Relationship exists with different book id :Book37."
4,"POID exist", "Physical Object to Product Agreement Relationship exists with different book id :Book38."
4,"POID exist", "Physical Object to Product Agreement Relationship exists with different book id :Book39."
4,"POID exist", "Physical Object to Product Agreement Relationship exists with different book id :Book40."
4,"POID exist", "Physical Object to Product Agreement Relationship exists with different book id :Book41."
4,"POID exist", "Physical Object to Product Agreement Relationship exists with different book id :Book42."
4,"POID exist", "Physical Object to Product Agreement Relationship exists with different book id :Book43."
4,"POID exist", "Physical Object to Product Agreement Relationship exists with different book id :Book44."
4,"POID exist", "Physical Object to Product Agreement Relationship exists with different book id :Book45."
4,"POID exist", "Physical Object to Product Agreement Relationship exists with different book id :Book46."
4,"POID exist", "Physical Object to Product Agreement Relationship exists with different book id :Book47."
4,"POID exist", "Physical Object to Product Agreement Relationship exists with different book id :Book48."
4,"POID exist", "Physical Object to Product Agreement Relationship exists with different book id :Book49."
4,"POID exist", "Physical Object to Product Agreement Relationship exists with different book id :Book50."
